,instant
653,654
576,577
426,427
728,729
482,483
111,112
580,581
500,501
479,480
472,473
455,456
636,637
224,225
458,459
244,245
627,628
595,596
140,141
454,455
162,163
231,232
688,689
659,660
696,697
320,321
534,535
136,137
568,569
474,475
206,207
427,428
288,289
447,448
259,260
174,175
267,268
327,328
402,403
590,591
609,610
704,705
376,377
365,366
15,16
656,657
639,640
470,471
561,562
680,681
591,592
240,241
597,598
718,719
115,116
565,566
154,155
471,472
241,242
552,553
651,652
384,385
315,316
484,485
354,355
709,710
613,614
694,695
230,231
285,286
560,561
610,611
334,335
594,595
27,28
671,672
96,97
5,6
270,271
199,200
416,417
177,178
166,167
393,394
284,285
32,33
330,331
293,294
208,209
84,85
37,38
6,7
257,258
529,530
449,450
266,267
51,52
359,360
282,283
412,413
120,121
319,320
707,708
358,359
90,91
598,599
551,552
62,63
50,51
187,188
624,625
661,662
297,298
91,92
1,2
462,463
92,93
43,44
689,690
47,48
345,346
263,264
23,24
338,339
20,21
567,568
673,674
333,334
255,256
129,130
190,191
7,8
164,165
66,67
236,237
18,19
492,493
533,534
681,682
188,189
374,375
420,421
433,434
107,108
700,701
555,556
697,698
417,418
55,56
388,389
146,147
592,593
61,62
666,667
701,702
355,356
332,333
486,487
663,664
232,233
178,179
489,490
543,544
302,303
306,307
378,379
660,661
242,243
493,494
275,276
35,36
28,29
444,445
134,135
683,684
715,716
440,441
249,250
342,343
352,353
33,34
179,180
516,517
599,600
607,608
329,330
675,676
21,22
583,584
88,89
537,538
380,381
644,645
600,601
337,338
229,230
445,446
706,707
331,332
425,426
422,423
340,341
579,580
246,247
335,336
126,127
323,324
505,506
137,138
45,46
64,65
577,578
261,262
217,218
371,372
375,376
387,388
608,609
494,495
622,623
209,210
708,709
121,122
80,81
720,721
430,431
434,435
501,502
632,633
301,302
672,673
167,168
101,102
581,582
326,327
499,500
703,704
210,211
110,111
158,159
540,541
377,378
605,606
647,648
251,252
456,457
633,634
518,519
361,362
481,482
390,391
539,540
112,113
574,575
443,444
202,203
483,484
553,554
596,597
698,699
373,374
85,86
271,272
547,548
60,61
611,612
468,469
511,512
464,465
532,533
10,11
548,549
368,369
281,282
623,624
247,248
692,693
601,602
424,425
8,9
59,60
234,235
151,152
344,345
586,587
143,144
161,162
397,398
428,429
308,309
476,477
463,464
669,670
519,520
517,518
132,133
26,27
291,292
292,293
39,40
204,205
587,588
588,589
343,344
566,567
545,546
65,66
571,572
711,712
322,323
357,358
128,129
165,166
657,658
573,574
398,399
542,543
497,498
296,297
294,295
620,621
304,305
123,124
498,499
716,717
71,72
119,120
324,325
382,383
563,564
712,713
52,53
602,603
305,306
139,140
670,671
309,310
70,71
528,529
465,466
318,319
258,259
113,114
554,555
356,357
664,665
83,84
183,184
182,183
144,145
690,691
298,299
506,507
87,88
313,314
658,659
11,12
635,636
364,365
194,195
401,402
82,83
652,653
687,688
74,75
593,594
250,251
237,238
145,146
665,666
130,131
575,576
514,515
699,700
442,443
477,478
536,537
168,169
148,149
289,290
14,15
385,386
713,714
77,78
451,452
34,35
346,347
435,436
389,390
585,586
383,384
57,58
245,246
556,557
604,605
349,350
414,415
473,474
138,139
223,224
220,221
67,68
466,467
524,525
16,17
429,430
89,90
485,486
686,687
439,440
243,244
725,726
286,287
619,620
295,296
186,187
628,629
122,123
262,263
438,439
409,410
496,497
521,522
407,408
419,420
452,453
446,447
196,197
226,227
256,257
406,407
102,103
314,315
76,77
631,632
626,627
95,96
170,171
94,95
214,215
38,39
36,37
180,181
176,177
668,669
495,496
502,503
215,216
394,395
212,213
643,644
582,583
131,132
362,363
460,461
185,186
13,14
0,1
475,476
347,348
488,489
68,69
726,727
17,18
30,31
618,619
525,526
584,585
273,274
437,438
192,193
274,275
172,173
679,680
303,304
369,370
238,239
283,284
181,182
63,64
403,404
478,479
617,618
2,3
336,337
695,696
317,318
431,432
49,50
135,136
603,604
4,5
612,613
141,142
415,416
667,668
386,387
86,87
93,94
649,650
507,508
570,571
316,317
228,229
655,656
280,281
526,527
578,579
53,54
350,351
79,80
